quarter,adaptation_score
2014Q1,0.035128284245729446
2014Q2,0.012430069036781788
2014Q3,0.009004645980894566
2014Q4,0.008034179918467999
2015Q1,0.007171628065407276
2015Q2,0.006660080049186945
2015Q3,0.00638049840927124
