quarter,num_nodes,num_edges,vulnerability_mse,adaptation_mse,route_accuracy,route_f1
2014Q1,500,219832,0.104527048766613,0.0005983931478112936,0.8200080061137596,0.8200243800374798
2014Q2,500,221774,0.08987843990325928,4.948070636601187e-05,0.8384706953926069,0.8379321109135575
2014Q3,500,221720,0.1093483492732048,1.131698809331283e-05,0.7772009742016959,0.7852973518021914
2014Q4,500,225956,0.09271370619535446,1.782535582606215e-05,0.8289932553240454,0.8362031691125976
2015Q1,500,225246,0.10165919363498688,4.33665945820394e-06,0.7922582420997487,0.8234726020937471
